Workbook

Sheet Viviendas visitadas
A1: 1. VIVIENDAS VISITADAS
A2: Leyenda: celdas AMARILLAS (texto azul) = datos a llenar. Celdas blancas = fórmulas automáticas (no editar). Fila 7 = ejemplo con los datos de la foto.
A4: DIRIS/DISTRITO/EE.SS | B4: EFECTIVIDAD DE INTERVENCIÓN SECTORES | F4: EFECTIVIDAD DE INTERVENCIÓN CASAS
B5: N° SECTORES (TOTAL) | C5: N° SECTORES (INTERVENIDOS) | D5: % EFECTIVIDAD | E5: N° SECTORES (PENDIENTES) | F5: CASAS ABIERTAS CON NIÑOS ESQUEMA COMPLETO | H5: CASA EFECTIVA (SE VACUNA AL NIÑO) | J5: CASA ABIERTAS CON NIÑOS (la niña o niño han salido) | L5: ABIERTAS SIN NIÑOS (casas donde viven solo adultos y no tienen niños) | N5: CERRADA CON NIÑOS (vecinos refieren que hay niños) | P5: CERRADA SIN NIÑOS (vecinos refieren que no hay niños) | R5: RECHAZADAS (donde los padres no aceptan la vacuna y tienen niños) | T5: ABANDONADAS (casas donde nadie vive por más de 3 meses) | V5: TOTAL DE CASAS
F6: N | G6: % | H6: N | I6: % | J6: N | K6: % | L6: N | M6: % | N6: N | O6: % | P6: N | Q6: % | R6: N | S6: % | T6: N | U6: % | V6: N
A7: Ejemplo (foto) | B7: 15 | C7: 5 | D7: =IF(N(B7)=0,"",C7/B7) | E7: =IF(B7="","",B7-C7) | F7: 100 | G7: =IF(N($V7)=0,"",F7/$V7) | H7: 40 | I7: =IF(N($V7)=0,"",H7/$V7) | J7: 70 | K7: =IF(N($V7)=0,"",J7/$V7) | L7: 250 | M7: =IF(N($V7)=0,"",L7/$V7) | N7: 30 | O7: =IF(N($V7)=0,"",N7/$V7) | P7: 20 | Q7: =IF(N($V7)=0,"",P7/$V7) | R7: 8 | S7: =IF(N($V7)=0,"",R7/$V7) | T7: 20 | U7: =IF(N($V7)=0,"",T7/$V7) | V7: =F7+H7+J7+L7+N7+P7+R7+T7
D8: =IF(N(B8)=0,"",C8/B8) | E8: =IF(B8="","",B8-C8) | G8: =IF(N($V8)=0,"",F8/$V8) | I8: =IF(N($V8)=0,"",H8/$V8) | K8: =IF(N($V8)=0,"",J8/$V8) | M8: =IF(N($V8)=0,"",L8/$V8) | O8: =IF(N($V8)=0,"",N8/$V8) | Q8: =IF(N($V8)=0,"",P8/$V8) | S8: =IF(N($V8)=0,"",R8/$V8) | U8: =IF(N($V8)=0,"",T8/$V8) | V8: =F8+H8+J8+L8+N8+P8+R8+T8
D9: =IF(N(B9)=0,"",C9/B9) | E9: =IF(B9="","",B9-C9) | G9: =IF(N($V9)=0,"",F9/$V9) | I9: =IF(N($V9)=0,"",H9/$V9) | K9: =IF(N($V9)=0,"",J9/$V9) | M9: =IF(N($V9)=0,"",L9/$V9) | O9: =IF(N($V9)=0,"",N9/$V9) | Q9: =IF(N($V9)=0,"",P9/$V9) | S9: =IF(N($V9)=0,"",R9/$V9) | U9: =IF(N($V9)=0,"",T9/$V9) | V9: =F9+H9+J9+L9+N9+P9+R9+T9
D10: =IF(N(B10)=0,"",C10/B10) | E10: =IF(B10="","",B10-C10) | G10: =IF(N($V10)=0,"",F10/$V10) | I10: =IF(N($V10)=0,"",H10/$V10) | K10: =IF(N($V10)=0,"",J10/$V10) | M10: =IF(N($V10)=0,"",L10/$V10) | O10: =IF(N($V10)=0,"",N10/$V10) | Q10: =IF(N($V10)=0,"",P10/$V10) | S10: =IF(N($V10)=0,"",R10/$V10) | U10: =IF(N($V10)=0,"",T10/$V10) | V10: =F10+H10+J10+L10+N10+P10+R10+T10
D11: =IF(N(B11)=0,"",C11/B11) | E11: =IF(B11="","",B11-C11) | G11: =IF(N($V11)=0,"",F11/$V11) | I11: =IF(N($V11)=0,"",H11/$V11) | K11: =IF(N($V11)=0,"",J11/$V11) | M11: =IF(N($V11)=0,"",L11/$V11) | O11: =IF(N($V11)=0,"",N11/$V11) | Q11: =IF(N($V11)=0,"",P11/$V11) | S11: =IF(N($V11)=0,"",R11/$V11) | U11: =IF(N($V11)=0,"",T11/$V11) | V11: =F11+H11+J11+L11+N11+P11+R11+T11
D12: =IF(N(B12)=0,"",C12/B12) | E12: =IF(B12="","",B12-C12) | G12: =IF(N($V12)=0,"",F12/$V12) | I12: =IF(N($V12)=0,"",H12/$V12) | K12: =IF(N($V12)=0,"",J12/$V12) | M12: =IF(N($V12)=0,"",L12/$V12) | O12: =IF(N($V12)=0,"",N12/$V12) | Q12: =IF(N($V12)=0,"",P12/$V12) | S12: =IF(N($V12)=0,"",R12/$V12) | U12: =IF(N($V12)=0,"",T12/$V12) | V12: =F12+H12+J12+L12+N12+P12+R12+T12
D13: =IF(N(B13)=0,"",C13/B13) | E13: =IF(B13="","",B13-C13) | G13: =IF(N($V13)=0,"",F13/$V13) | I13: =IF(N($V13)=0,"",H13/$V13) | K13: =IF(N($V13)=0,"",J13/$V13) | M13: =IF(N($V13)=0,"",L13/$V13) | O13: =IF(N($V13)=0,"",N13/$V13) | Q13: =IF(N($V13)=0,"",P13/$V13) | S13: =IF(N($V13)=0,"",R13/$V13) | U13: =IF(N($V13)=0,"",T13/$V13) | V13: =F13+H13+J13+L13+N13+P13+R13+T13
D14: =IF(N(B14)=0,"",C14/B14) | E14: =IF(B14="","",B14-C14) | G14: =IF(N($V14)=0,"",F14/$V14) | I14: =IF(N($V14)=0,"",H14/$V14) | K14: =IF(N($V14)=0,"",J14/$V14) | M14: =IF(N($V14)=0,"",L14/$V14) | O14: =IF(N($V14)=0,"",N14/$V14) | Q14: =IF(N($V14)=0,"",P14/$V14) | S14: =IF(N($V14)=0,"",R14/$V14) | U14: =IF(N($V14)=0,"",T14/$V14) | V14: =F14+H14+J14+L14+N14+P14+R14+T14
D15: =IF(N(B15)=0,"",C15/B15) | E15: =IF(B15="","",B15-C15) | G15: =IF(N($V15)=0,"",F15/$V15) | I15: =IF(N($V15)=0,"",H15/$V15) | K15: =IF(N($V15)=0,"",J15/$V15) | M15: =IF(N($V15)=0,"",L15/$V15) | O15: =IF(N($V15)=0,"",N15/$V15) | Q15: =IF(N($V15)=0,"",P15/$V15) | S15: =IF(N($V15)=0,"",R15/$V15) | U15: =IF(N($V15)=0,"",T15/$V15) | V15: =F15+H15+J15+L15+N15+P15+R15+T15
D16: =IF(N(B16)=0,"",C16/B16) | E16: =IF(B16="","",B16-C16) | G16: =IF(N($V16)=0,"",F16/$V16) | I16: =IF(N($V16)=0,"",H16/$V16) | K16: =IF(N($V16)=0,"",J16/$V16) | M16: =IF(N($V16)=0,"",L16/$V16) | O16: =IF(N($V16)=0,"",N16/$V16) | Q16: =IF(N($V16)=0,"",P16/$V16) | S16: =IF(N($V16)=0,"",R16/$V16) | U16: =IF(N($V16)=0,"",T16/$V16) | V16: =F16+H16+J16+L16+N16+P16+R16+T16
D17: =IF(N(B17)=0,"",C17/B17) | E17: =IF(B17="","",B17-C17) | G17: =IF(N($V17)=0,"",F17/$V17) | I17: =IF(N($V17)=0,"",H17/$V17) | K17: =IF(N($V17)=0,"",J17/$V17) | M17: =IF(N($V17)=0,"",L17/$V17) | O17: =IF(N($V17)=0,"",N17/$V17) | Q17: =IF(N($V17)=0,"",P17/$V17) | S17: =IF(N($V17)=0,"",R17/$V17) | U17: =IF(N($V17)=0,"",T17/$V17) | V17: =F17+H17+J17+L17+N17+P17+R17+T17
D18: =IF(N(B18)=0,"",C18/B18) | E18: =IF(B18="","",B18-C18) | G18: =IF(N($V18)=0,"",F18/$V18) | I18: =IF(N($V18)=0,"",H18/$V18) | K18: =IF(N($V18)=0,"",J18/$V18) | M18: =IF(N($V18)=0,"",L18/$V18) | O18: =IF(N($V18)=0,"",N18/$V18) | Q18: =IF(N($V18)=0,"",P18/$V18) | S18: =IF(N($V18)=0,"",R18/$V18) | U18: =IF(N($V18)=0,"",T18/$V18) | V18: =F18+H18+J18+L18+N18+P18+R18+T18
D19: =IF(N(B19)=0,"",C19/B19) | E19: =IF(B19="","",B19-C19) | G19: =IF(N($V19)=0,"",F19/$V19) | I19: =IF(N($V19)=0,"",H19/$V19) | K19: =IF(N($V19)=0,"",J19/$V19) | M19: =IF(N($V19)=0,"",L19/$V19) | O19: =IF(N($V19)=0,"",N19/$V19) | Q19: =IF(N($V19)=0,"",P19/$V19) | S19: =IF(N($V19)=0,"",R19/$V19) | U19: =IF(N($V19)=0,"",T19/$V19) | V19: =F19+H19+J19+L19+N19+P19+R19+T19
... D26: =IF(N(B26)=0,"",C26/B26) | E26: =IF(B26="","",B26-C26) | G26: =IF(N($V26)=0,"",F26/$V26) | I26: =IF(N($V26)=0,"",H26/$V26) | K26: =IF(N($V26)=0,"",J26/$V26) | M26: =IF(N($V26)=0,"",L26/$V26) | O26: =IF(N($V26)=0,"",N26/$V26) | Q26: =IF(N($V26)=0,"",P26/$V26) | S26: =IF(N($V26)=0,"",R26/$V26) | U26: =IF(N($V26)=0,"",T26/$V26) | V26: =F26+H26+J26+L26+N26+P26+R26+T26
A27: TOTAL | B27: =SUM(B7:B26) | C27: =SUM(C7:C26) | D27: =IF(B27=0,"",C27/B27) | E27: =SUM(E7:E26) | F27: =SUM(F7:F26) | G27: =IF(V27=0,"",F27/V27) | H27: =SUM(H7:H26) | I27: =IF(V27=0,"",H27/V27) | J27: =SUM(J7:J26) | K27: =IF(V27=0,"",J27/V27) | L27: =SUM(L7:L26) | M27: =IF(V27=0,"",L27/V27) | N27: =SUM(N7:N26) | O27: =IF(V27=0,"",N27/V27) | P27: =SUM(P7:P26) | Q27: =IF(V27=0,"",P27/V27) | R27: =SUM(R7:R26) | S27: =IF(V27=0,"",R27/V27) | T27: =SUM(T7:T26) | U27: =IF(V27=0,"",T27/V27) | V27: =SUM(V7:V26)
A29: Controles:
A30: Suma de % casas (fila total) debe ser 100%: | D30: =N(G27)+N(I27)+N(K27)+N(M27)+N(O27)+N(Q27)+N(S27)+N(U27)
A31: Filas con intervenidos > total de sectores (error): | D31: =SUMPRODUCT((C7:C26>B7:B26)*1)
A32: Fórmulas: % efectividad = intervenidos / total sectores; pendientes = total − intervenidos; % casas = N categoría / total casas; total casas = suma de las 8 categorías.

Sheet Revisión de la foto
A1: Indicador | B1: Valor en la foto | C1: Cálculo correcto | D1: Fórmula | E1: ¿Correcto?
A2: % Efectividad sectores | B2: 0.7 | C2: ='Viviendas visitadas'!D7 | D2: Intervenidos / Total = 5/15 | E2: =IF(ROUND(B2,2)=ROUND(C2,2),"Sí","NO")
A3: N° sectores pendientes | B3: 10 | C3: ='Viviendas visitadas'!E7 | D3: Total − Intervenidos = 15−5 | E3: =IF(B3=C3,"Sí","NO")
A4: Total de casas | B4: 538 | C4: ='Viviendas visitadas'!V7 | D4: Suma de las 8 categorías | E4: =IF(B4=C4,"Sí","NO")
A5: % Abiertas con niños esquema completo | B5: 0.19 | C5: ='Viviendas visitadas'!G7 | D5: 100 / 538 | E5: =IF(ROUND(B5,2)=ROUND(C5,2),"Sí","NO")
A6: % Efectiva (se vacuna) | B6: 0.07 | C6: ='Viviendas visitadas'!I7 | D6: 40 / 538 | E6: =IF(ROUND(B6,2)=ROUND(C6,2),"Sí","NO")
A7: % Abiertas con niños (salieron) | B7: 0.13 | C7: ='Viviendas visitadas'!K7 | D7: 70 / 538 | E7: =IF(ROUND(B7,2)=ROUND(C7,2),"Sí","NO")
A8: % Abiertas sin niños | B8: 0.47 | C8: ='Viviendas visitadas'!M7 | D8: 250 / 538 | E8: =IF(ROUND(B8,2)=ROUND(C8,2),"Sí","NO")
A9: % Cerrada con niños | B9: 0.06 | C9: ='Viviendas visitadas'!O7 | D9: 30 / 538 | E9: =IF(ROUND(B9,2)=ROUND(C9,2),"Sí","NO")
A10: % Cerrada sin niños | B10: 0.03 | C10: ='Viviendas visitadas'!Q7 | D10: 20 / 538 | E10: =IF(ROUND(B10,2)=ROUND(C10,2),"Sí","NO")
A11: % Rechazadas | B11: 0.02 | C11: ='Viviendas visitadas'!S7 | D11: 8 / 538 | E11: =IF(ROUND(B11,2)=ROUND(C11,2),"Sí","NO")
A12: % Abandonadas | B12: 0.03 | C12: ='Viviendas visitadas'!U7 | D12: 20 / 538 | E12: =IF(ROUND(B12,2)=ROUND(C12,2),"Sí","NO")
A13: Suma de % | B13: =SUM(B5:B12) | C13: =SUM(C5:C12)
A15: Valores de la columna B transcritos de la foto enviada por el usuario. El cálculo correcto viene de la fila de ejemplo (fila 7) de la hoja 'Viviendas visitadas'.
